{"cameraMode":{"drawMode":0,"name":"Shaded","section":"Shading Mode"},"sceneLighting":true,"audioPlay":false,"sceneViewState":{"m_AlwaysRefresh":false,"showFog":true,"showSkybox":true,"showFlares":true,"showImageEffects":true,"showParticleSystems":true,"showVisualEffectGraphs":true,"m_FxEnabled":false},"in2DMode":false,"pivot":{"x":-1.0881907939910889,"y":2.0464999675750734,"z":-0.2638601064682007},"rotation":{"x":0.0028000057209283115,"y":0.8096120357513428,"z":-0.5869712233543396,"w":0.003901226446032524},"size":6.837719917297363,"orthographic":false}